insert into organization values ("0c3d64bc-655f-4b53-b537-cf5f27bc01c8","Organization","");
insert into organization values ("f36fbe7f-5acd-422e-bdf5-9eb38b7e26ea","Diocese of Joliet","");
insert into organization values ("67e18993-3d0d-4221-bff7-040c142fcaf7","Catholic Charities","");
insert into organization values ("6962a4ad-472f-4fac-8314-5706d6f62803","Council of Catholic Women","");
insert into user values ("d5fed57f-6d4c-4703-8d7a-73e399372ea8","Email","Ac}[L\AiYX","First Name","Last Name","");
insert into user values ("b366195a-a575-46b4-8a9e-530a80ca5ff3","","MQu^mzosD2","Demco","Test","");
insert into user values ("2bcc6468-6668-4165-b64a-0cd7d0573bfa","jkrieter@dioceseofjoliet.org","6x[/~Crv~x","Jessica","Krieter","");
insert into user values ("8c6c5080-b915-4f85-a664-001e93daa9a2","jlkrieter@gmail.com","VfOUn#|&LC","Jessica","Krieter","");
insert into user values ("639e1674-35df-4100-b2b9-3a5a43dbf8e3","dojdemo@gmail.com","P^ZbVouy6d","Jessica","Krieter","");
insert into user values ("c5276ea6-6a9d-4015-9706-09b740fd7f9a","mamclean@dioceseofjoliet.org","wp%6Mb07Zp","Mary Ann","McLean","");
insert into user values ("c4f20c05-8f06-4f5f-9c8c-a79b3c03dd28","tsingh@dioceseofjoliet.org","mRccl5o%-U","Tanya","Singh","");
insert into user values ("17789899-d67a-4e57-9011-23db97348ce1","kchoudhary@dioceseofjoliet.org","A+mpngbo\Q","Katie","Choudhary","");
insert into user values ("a21e2f11-ac36-411e-a01a-a076827bbde6","ecabral@cc-doj.org","A2Ixc2fOLK","Elena","Cabral","");
insert into user values ("8bf6ab1e-4e5b-4899-a8df-dda2b5b1d2af","kschweikart@cc-doj.org","#q*e<)~?uC","Kathleen","Schweikart","");
insert into user values ("107ae437-cded-4e7a-947f-0d5c6e3a4447","bcarlson@dioceseofjoliet.org",",zL1vJ@q[)","Bruce","Carlson","");
insert into user values ("dcbf250c-4f86-498c-820f-9e696c3bcb39","espray@dioceseofjoliet.org","[!<1rd@dM=","Emily","Spray","");
insert into user values ("a2b2a5d0-dce2-4024-9bd2-fef3e56aed42","npapesh@dioceseofjoliet.org",",X0FF1(0<V","Nancy","Papesh","");
insert into user values ("30c6d7ec-c7b4-47e9-b60e-4af0ce09b2ee","lgaeckle@dioceseofjoliet.org","p-:753qm)W","Lynn","Gaeckle","");
insert into user values ("c20b319d-337f-4f12-8495-65b54eddd4f8","Lgarza@cc-doj.org","}zw|p|0+8Q","Lorena","Garza","");
insert into user values ("465e0e37-00d7-41e7-ace5-6c6dba7ce017","Mturone@dioceseofjoliet.org","L*R$6UhkR5","Maria","Turone","");
insert into user values ("ecaad25c-3249-4e60-928d-8bc1a1037311","tmirabelli@dioceseofjoliet.org","9\H<?7p-)A","Terri","Mirabelli","");
insert into user values ("37d09e3c-1988-4aa1-8bf5-3fe6bede0414","noral@dioceseofjoliet.og","h~47?%hem3","Nora","Labanauskas","");
insert into user values ("b550d814-c8b1-442b-8444-52b8432a3b35","noral@dioceseofjoliet.org","j2?K-Y>d_q","Nora","Labanauskas","");
insert into user values ("7e065c3b-eea0-4ba3-b8dc-c79c3db653b2","jgrzadzinski@dioceseofjoliet.org","GcEJp.F#al","Julie","Grzadzinski","");
insert into user values ("6427752e-faad-46d1-943a-613837fc870b","Hplatts@cc-doj.org","h#u^gwR0K[","Hoyt","Platts","");
insert into user values ("3dfdf2d1-0d00-43b1-9f8d-ce28de6c4100","rcichowicz@dioceseofjoliet.org","RVI+}Ss)hB","Renata","Cichowicz","");
insert into user values ("9d030f3c-e802-4300-b4a1-47d6bc99452f","gkuban@dioceseofjoliet.org","*IAo1tOHM-","Geralyn","Kuban","");
insert into user values ("839b7b87-902d-4857-b01e-6d0813c117ab","kwojnarowski@dioceseofjoliet.org","xADOD$;.7;","Karen","Wojnarowski","");
insert into user values ("119804e0-89cc-45ee-9dd0-ada754a12472","vpuscas@dioceseofjoliet.org","(&}&;(w\FI","Deacon","Puscas","");
insert into user values ("a21d8bf6-4d43-4449-b67e-053f6b80380b","bherrera@cc-doj.org","+MZXe:q%L<","Brenda","Herrera","");
insert into user values ("5476b69b-4917-4a0b-8acc-0a8c9cc149f1","mrobb@dioceseofjoliet.org",")tq%~#:*A7","Mercy","Robb","");
insert into user values ("20f918fc-788b-4b5e-9722-c2f5fe8b3ed1","dgritzenbach@cc-doj.org","XCr(YiX0.0","Danielle","Gritzenbach","");
insert into user values ("7a1d8514-d07a-48e4-b8be-61172e173e7b","vkloepfer@cc-doj.org","WM9J,t!uIq","Vanessa","Kloepfer","");
insert into user values ("5098a7ab-f20b-4a3d-b528-6782b774d55e","cdelrio@cc-doj.org","kyVO%?X!15","Crystal","Del Rio","");
insert into user values ("e5da8c8a-476b-4eb3-888d-12f4830fb46f","sbartels@dioceseofjoliet.org","Wp46b8UcO:","Sue","Bartels","");
insert into user values ("bab22696-ff08-4bd2-95c1-2b6b1f76c297","jreyes@dioceseofjoliet.org","hUFFp>y~Yz","Justin","Reyes","");
insert into user values ("56b2ea08-e915-4763-b728-eabb36eb0ad5","jwick@cc-doj.org","g2#Js1Oj8J","Jennifer","Wick","");
insert into user values ("0bea56ee-4770-4348-a9b8-7e659f0947f6","CMasson@cc-doj.org",")JUyfd?E^q","Connie","Masson","");
insert into user values ("94eee59f-719e-4cdd-9a1c-bf0c28f1f0d9","shirleyaroberson@sbcglobal.net","Rih9G*Yb{-","Shirley","Roberson","");
insert into user values ("1d518feb-85a0-44cb-9a2e-1de2bb375f41","sroberson@dioceseofjoliet.org","8:?FE>p+CK","Shirley","Roberson","");
insert into user values ("9ec31ab6-ad1b-469f-8a1a-51c64f2804f7","lheffernan@dioceseofjoliet.org","kLRX;]U2Fd","Leah","Heffernan","");
insert into user values ("95c90197-f921-466b-b3e8-5e93f60558c5","abotero@cc-doj.org",".)o}ds*f*H","Alicia","Botero","");
insert into user values ("0ffafe84-004a-41fe-ba6a-ea6252954216","tfisher@dioceseofjoliet.org","d`0oy@D2Vw","Thomas","Fisher","");
insert into user values ("2f105dde-01ca-4edb-ae22-55df2b321980","mruiz@cc-doj.org",")DW7a+C_nj","Mari","Ruiz","");
insert into user values ("98f1c642-60df-4feb-a2ab-d7b99f7eaa44","avaltierra@cc-doj.org","Jvurfrjv#;","Alicia","Valtierra","");
insert into user values ("ebb16ae8-382f-40c7-a95b-0100c277cb34","dcamp@dioceseofjoliet.org","y,$Nr4H7{t","Debbie","Camp","");
insert into user values ("e1e58a17-7994-4db3-857e-d95f38f259ff","jbernhard@dioceseofjoliet.org","tGv%Fs^Gl8","Jacob","Bernhard","");
insert into user values ("91683aeb-a966-4571-a5ad-486c3ca8df46","jhansen@dioceseofjoliet.org","SJ_&Q]ks7(","Janet","Hansen","");
insert into user values ("269edc69-f89d-481d-8296-4456cd8ac6dd","krice@cc-doj.org","Ns29@aEBlj","Kelly","Rice","");
insert into user values ("6ab8469e-dc78-4c73-bdf0-d98c0496f9b3","amoore@dioceseofjoliet.org","%mQ?Eje`r7","Angelica","Moore","");
insert into user values ("837545c4-6919-4253-9522-a7abf2b5695e","mmassingale@dioceseofjoliet.org",">l|1N2@Rg6","Mary","Massingale","");
insert into user values ("76dc4873-bda1-4f88-abec-fd958587d8e4","jgeorgis@dioceseofjoliet.org","u.|[sZHgWT","Jennifer","Georgis","");
insert into user values ("18615306-baab-499a-a8d4-6d98679a2691","bbranch@cc-doj.org","3N]6Aj|jhO","Barbara","Branch","");
insert into user values ("c8184968-d90c-4e5e-b51f-066375061e4a","ccwpres@dioceseofjoliet.org","W`+3JwOn?z","Kathy","Williamson","");
insert into user values ("b871f03f-9674-4189-b46b-c2b881dba93d","jdccwpresident@dioceseofjoliet.org","PAR\_vJ9-R","Kathy","Williamson","");
insert into user values ("e4a14e72-b54e-46f4-85b4-32e274d408b3","aclishem@dioceseofjoliet.org","J]z3L07m?k","Anthony","Clishem","");
insert into user values ("bf948162-d632-48fb-a397-fd3faa341c65","ldimas@dioceseofjoliet.org","vc),Zk4ncZ","Lety","Dimas","");
insert into user values ("9a63ed2a-1fe3-4fbc-8adb-43eb745708c4","bdeja@cc-doj.org","pH#=g:^]39","Beka","Deja","");
insert into user values ("22d360c5-8b7f-4599-87a5-066b9c6eb743","adulinski@dioceseofjoliet.org","}g~Gr.sJ<i","Angela","Dulinski","");
insert into user values ("313ddf00-1c9c-4d20-86f8-e81eff19e93c","along@cc-doj.com","<h+c>b*dn+","Arian","Long","");
insert into user values ("05ec7f52-2e08-4762-a35b-fd5c7c17f04a","along@cc-doj.org","zXB.1WQH>j","Arian","Long","");
insert into user values ("8debcf4c-9433-4427-84c1-b6a082a6970e","tlech@cc-doj.org","#CNcc9ZH*z","Tracy","Lech","");
insert into user values ("70d59272-418f-47be-9804-10610dcd4987","cnye@dioceseofjoliet.org","BhXil<U\-V","Christopher","Nye","");
insert into user values ("a1395a65-09b4-49b9-b396-8e0c9ecd2bd0","mharton@dioceseofjoliet.org","V*Y5O[GO<e","Maureen","Harton","");
insert into user values ("4e1d786b-bde7-4ac5-b511-fb44fa36afd3","ecabral@dioceseofjoliet.org","LioPf$&z2/","Elena","Cabral","");
insert into user values ("a09e48b5-6406-49d8-a37d-21f0ddb5ca9a","bschroeder@dioceseofjoliet.org","]0a!-/-@-%","Brian","Schroeder","");
insert into user values ("9d34dd84-a7b6-4d9d-b6ed-b412e4650ec3","cstephens@cc-doj.org","/hoACwuZ//","Cathy","Stephens","");
insert into user values ("e33a69a6-ae4b-47cf-9799-d73e764c7622","jelias@jolietdiosece.org","l_Q!cii*Yv","Jim","Elias","");
insert into user values ("d3b8b7ca-f32c-4b0a-a1d3-2943fe54ecd1","jelias@dioceseofjoliet.org","2hku:B6>xD","Jim","Elias","");
insert into user values ("c11e26b2-4324-4c7d-abc9-4ba5a85b9ed4","Phuizar@dioceseofjoliet.org","*qZo9h()>{","Patricia","Huizar","");
insert into user values ("318938aa-5066-4cce-a115-64e03072b2a9","smclemen@cc-doj.org","d}M94X=lWL","Sharon","McLemen","");
insert into user values ("a29876b0-7ae3-4453-ac99-c55e09c9e85a","jgudeman@cc-doj.org","n]b$RN6!|2","Julie","Gudeman","");
insert into user values ("ec19a1d7-594a-457b-b5fe-76fbe6a35d63","Jclark@dioceseofjoliet.org","w7r*xcPC>+","Joan","Clark","");
insert into user values ("e8f44aae-9a1d-469c-940a-0e129300d41d","jknoll@cc-doj.org","jA}T8raDay","Joe","Knoll","");
insert into user values ("eccbda22-2903-409a-9e15-7bd160c668ca","mtorres@dioceseofjoliet.org","0PBbj-2^W%","Martha","Torres","");
insert into user values ("85420fa4-dd3d-46d0-8c27-433373a912e1","bortega@cc-doj.org",",I_rOfPrV,","Beatriz","Ortega","");
insert into user values ("c5024d10-a5e2-4fc9-bb96-3071ab5f7ce7","pjain@doj-cc.org",";mAiDiI4h*","Prem","Jain","");
insert into user values ("4c1345d9-fc71-446b-b6e7-319a581ad990","bwilliams@cc-doj.org","LMBru:=@ys","Bry","Williams","");
insert into user values ("88005cf3-d8db-4d59-9fb4-50120133a706","chamilton@cc-doj.org","-TtNs?_=8E","Cynthia","Hamilton","");
insert into user values ("6ce2fa32-e820-4b4d-8237-a48395d2403f","srogerssmith@cc-doj.org","=GF?l9*~bU","Sonya","Rogers Smith","");
insert into user values ("1edaf345-3885-4cfa-9cd1-a053e6893041","rneubauer@dioceseofjoliet.org","bTgqmr45u,","Rachel","Neubauer","");
insert into user values ("4779b8bc-9b92-4550-b679-2f79417cb058","abuldak@dioceseofjoliet.org",",x7.*5bpNU","Alex","Buldak","");
insert into user values ("5850ea31-cc8e-4905-b08f-de42492c0357","nherrera@dioceseofjoliet.org","{b+-B:x7K]","Nancy","Herrera","");
insert into user values ("165d14ba-86d8-4900-a625-80be21826a45","chouse@cc-doj.org","4m-[q-CT6e","Corinna","House","");
insert into user values ("df5f7406-4d20-4beb-bb3e-567305c64997","BCCRECEPT16555@cc-doj.org","Jn8r\Zw,>:","Catholic Charities","Receptionist BCC","");
insert into user values ("7703bb11-f5ff-4adc-84a5-75182e3d6b89","sdidomizio@dioceseofjoliet.org","r9Ofu7l`di","Susan","DiDomizio","");
insert into user values ("074cbd2c-eba3-4627-bb22-cacfa14be23a","mdellinger@dioceseofjoliet.org",";9oN^#H%P>","Michelle","Dellinger","");
insert into user values ("809753d1-cb4f-48c6-8a57-93278253b0bb","lsumrow@cc-doj.org","#L*ft0cI{A","Lisa","Sumrow","");
insert into user values ("1c759729-c8ec-4a00-b830-734aae7bf5e1","jlkrieter@gmail.com","Eqhge)+g`t","Jessica","Krieter","");
insert into user values ("5ddb915d-09a8-4218-9562-e35b81a32254","mgregory@dioceseofjoliet.org","nJlBHRi-RP","Mark","Gregory","");
insert into user values ("17625d58-4950-4701-acda-662770034a35","pageary@dioceseofjoliet.org",">SW$c}kj--","Pamela","Geary","");
insert into user values ("cf63428c-0a3a-4cb5-9791-deb1748809e7","mmccoy@cc-doj.org","}HSV3V[z`m","Mary-Ellen","McCoy","");
insert into user values ("119e83a9-f9e1-48e3-8d36-aed4ca745024","KlumpRa@lewisu.edu","M&c{X\)|6{","Test","Account","");
insert into user values ("a80aadea-d317-43b7-a99e-61d065b58060","cenglish@cc-doj.org","F+nWF3;78~","Christopher","English","");
insert into user values ("0c10af26-48d6-48b9-a47f-8f686e49f3b3","jahikstewart@lewis.edu","h\mJ_@bQ]r","Jahi","Stewart","");
insert into user values ("7ff40d15-c9f6-4819-8b0c-30453f80002b","jahikstewart@lewisu.edu","*p1`}.5`11","Jahi","Stewart","");
insert into userorganization values ("cde670fc-4c24-4304-99bb-5098ed74d8cd","0c3d64bc-655f-4b53-b537-cf5f27bc01c8","d5fed57f-6d4c-4703-8d7a-73e399372ea8");
insert into userorganization values ("1ebba984-b44d-4af2-95d5-32c0b894de8f","f36fbe7f-5acd-422e-bdf5-9eb38b7e26ea","2bcc6468-6668-4165-b64a-0cd7d0573bfa");
insert into userorganization values ("8a288c6d-2f01-4da5-8553-4e99c7d61ea4","67e18993-3d0d-4221-bff7-040c142fcaf7","2bcc6468-6668-4165-b64a-0cd7d0573bfa");
insert into userorganization values ("1e5298c1-b8fa-470f-b51e-01c87534b2a7","f36fbe7f-5acd-422e-bdf5-9eb38b7e26ea","8c6c5080-b915-4f85-a664-001e93daa9a2");
insert into userorganization values ("2b5133e2-a099-4f01-a28d-22c2d43805a8","f36fbe7f-5acd-422e-bdf5-9eb38b7e26ea","639e1674-35df-4100-b2b9-3a5a43dbf8e3");
insert into userorganization values ("371b8d9f-36a2-458b-85d5-800359c0c965","f36fbe7f-5acd-422e-bdf5-9eb38b7e26ea","c5276ea6-6a9d-4015-9706-09b740fd7f9a");
insert into userorganization values ("07aa63ae-f314-44fa-819c-44784d81e526","67e18993-3d0d-4221-bff7-040c142fcaf7","a21e2f11-ac36-411e-a01a-a076827bbde6");
insert into userorganization values ("34faf7ec-6fb5-4573-961f-ac150d5a7fca","67e18993-3d0d-4221-bff7-040c142fcaf7","8bf6ab1e-4e5b-4899-a8df-dda2b5b1d2af");
insert into userorganization values ("478fd2c2-35e2-47d0-b77e-3bb9bd6851ca","f36fbe7f-5acd-422e-bdf5-9eb38b7e26ea","107ae437-cded-4e7a-947f-0d5c6e3a4447");
insert into userorganization values ("03821505-8383-4ee3-9e75-14499da45d03","f36fbe7f-5acd-422e-bdf5-9eb38b7e26ea","a2b2a5d0-dce2-4024-9bd2-fef3e56aed42");
insert into userorganization values ("d038834a-9c8a-4208-84c1-fe367622b183","f36fbe7f-5acd-422e-bdf5-9eb38b7e26ea","30c6d7ec-c7b4-47e9-b60e-4af0ce09b2ee");
insert into userorganization values ("f1ce665f-0151-4da9-86ce-cdabf3b1efd7","67e18993-3d0d-4221-bff7-040c142fcaf7","c20b319d-337f-4f12-8495-65b54eddd4f8");
insert into userorganization values ("3af386e0-acf6-4927-8645-ccac33871bd6","f36fbe7f-5acd-422e-bdf5-9eb38b7e26ea","465e0e37-00d7-41e7-ace5-6c6dba7ce017");
insert into userorganization values ("15d17a05-0cad-49c6-8f9c-61044937b352","f36fbe7f-5acd-422e-bdf5-9eb38b7e26ea","ecaad25c-3249-4e60-928d-8bc1a1037311");
insert into userorganization values ("8198a04a-858c-4559-90f5-662c71fdf99e","f36fbe7f-5acd-422e-bdf5-9eb38b7e26ea","b550d814-c8b1-442b-8444-52b8432a3b35");
insert into userorganization values ("53b310cf-7a4c-4bb0-895e-5c3de9cc5424","f36fbe7f-5acd-422e-bdf5-9eb38b7e26ea","7e065c3b-eea0-4ba3-b8dc-c79c3db653b2");
insert into userorganization values ("ba54f357-3014-417c-9029-ce6164938dc2","f36fbe7f-5acd-422e-bdf5-9eb38b7e26ea","3dfdf2d1-0d00-43b1-9f8d-ce28de6c4100");
insert into userorganization values ("82133fab-8e77-4554-aec3-ab6305cd27f9","f36fbe7f-5acd-422e-bdf5-9eb38b7e26ea","9d030f3c-e802-4300-b4a1-47d6bc99452f");
insert into userorganization values ("8e71392f-f1b2-417e-ba6a-ab6bdf64220c","f36fbe7f-5acd-422e-bdf5-9eb38b7e26ea","839b7b87-902d-4857-b01e-6d0813c117ab");
insert into userorganization values ("54801f51-a3dd-471b-907c-a42190e79c84","f36fbe7f-5acd-422e-bdf5-9eb38b7e26ea","119804e0-89cc-45ee-9dd0-ada754a12472");
insert into userorganization values ("6cf2d39b-8784-4d96-9529-6a4bee2d504c","67e18993-3d0d-4221-bff7-040c142fcaf7","a21d8bf6-4d43-4449-b67e-053f6b80380b");
insert into userorganization values ("99408159-5c28-48fa-bdea-7848d70b00ea","f36fbe7f-5acd-422e-bdf5-9eb38b7e26ea","5476b69b-4917-4a0b-8acc-0a8c9cc149f1");
insert into userorganization values ("59f7322d-833e-4d85-90cc-221f029a5e91","67e18993-3d0d-4221-bff7-040c142fcaf7","20f918fc-788b-4b5e-9722-c2f5fe8b3ed1");
insert into userorganization values ("a435f327-a0dc-43aa-94c0-c7b96c06c3e3","67e18993-3d0d-4221-bff7-040c142fcaf7","7a1d8514-d07a-48e4-b8be-61172e173e7b");
insert into userorganization values ("5338378d-579c-4fd3-8760-483ce72b1912","67e18993-3d0d-4221-bff7-040c142fcaf7","5098a7ab-f20b-4a3d-b528-6782b774d55e");
insert into userorganization values ("1947c350-9409-4e87-ad15-2156e718c966","f36fbe7f-5acd-422e-bdf5-9eb38b7e26ea","e5da8c8a-476b-4eb3-888d-12f4830fb46f");
insert into userorganization values ("3404d70e-ee9c-4f64-bf01-3b1a0193a951","f36fbe7f-5acd-422e-bdf5-9eb38b7e26ea","bab22696-ff08-4bd2-95c1-2b6b1f76c297");
insert into userorganization values ("759a5907-5d23-43d7-bdf5-888778b2c627","67e18993-3d0d-4221-bff7-040c142fcaf7","56b2ea08-e915-4763-b728-eabb36eb0ad5");
insert into userorganization values ("8f5f9a12-4a39-455a-aaf4-f56676e80386","f36fbe7f-5acd-422e-bdf5-9eb38b7e26ea","1d518feb-85a0-44cb-9a2e-1de2bb375f41");
insert into userorganization values ("d1c02439-b522-47d5-a777-7a67d5d57948","f36fbe7f-5acd-422e-bdf5-9eb38b7e26ea","9ec31ab6-ad1b-469f-8a1a-51c64f2804f7");
insert into userorganization values ("9f6b8efa-068a-424b-985f-77fdd277a15c","67e18993-3d0d-4221-bff7-040c142fcaf7","95c90197-f921-466b-b3e8-5e93f60558c5");
insert into userorganization values ("2c81fbcf-29dd-4f58-80eb-d5a1e6f94dd6","f36fbe7f-5acd-422e-bdf5-9eb38b7e26ea","0ffafe84-004a-41fe-ba6a-ea6252954216");
insert into userorganization values ("a930810e-6f7c-442a-94b8-d2980ccdf18b","67e18993-3d0d-4221-bff7-040c142fcaf7","2f105dde-01ca-4edb-ae22-55df2b321980");
insert into userorganization values ("64fe3914-3047-4f95-a0d9-3bdfba2f3c3e","67e18993-3d0d-4221-bff7-040c142fcaf7","98f1c642-60df-4feb-a2ab-d7b99f7eaa44");
insert into userorganization values ("30894b9b-0ef2-423e-9eef-2bd038d966f0","f36fbe7f-5acd-422e-bdf5-9eb38b7e26ea","ebb16ae8-382f-40c7-a95b-0100c277cb34");
insert into userorganization values ("3d715260-4aa9-47a9-8d52-38015877e065","f36fbe7f-5acd-422e-bdf5-9eb38b7e26ea","91683aeb-a966-4571-a5ad-486c3ca8df46");
insert into userorganization values ("66981845-ac30-439a-a807-b5e2de9ce981","f36fbe7f-5acd-422e-bdf5-9eb38b7e26ea","6ab8469e-dc78-4c73-bdf0-d98c0496f9b3");
insert into userorganization values ("b3225227-40be-4e65-b8a7-4a16fcd25b77","f36fbe7f-5acd-422e-bdf5-9eb38b7e26ea","837545c4-6919-4253-9522-a7abf2b5695e");
insert into userorganization values ("d04e4e2b-937b-40ec-b0fb-9166359d0d05","6962a4ad-472f-4fac-8314-5706d6f62803","837545c4-6919-4253-9522-a7abf2b5695e");
insert into userorganization values ("e0503830-b7b0-4d49-9c24-c2f4e3c76d50","f36fbe7f-5acd-422e-bdf5-9eb38b7e26ea","76dc4873-bda1-4f88-abec-fd958587d8e4");
insert into userorganization values ("070b7e8a-d3fe-4887-99e1-80ad97fc9910","6962a4ad-472f-4fac-8314-5706d6f62803","c8184968-d90c-4e5e-b51f-066375061e4a");
insert into userorganization values ("89c1ad9a-4b8c-4ee1-bea1-97ce359c94fb","6962a4ad-472f-4fac-8314-5706d6f62803","b871f03f-9674-4189-b46b-c2b881dba93d");
insert into userorganization values ("b25bd659-cb6d-4379-ae7d-b3c23140737e","f36fbe7f-5acd-422e-bdf5-9eb38b7e26ea","e4a14e72-b54e-46f4-85b4-32e274d408b3");
insert into userorganization values ("c2edd1f3-7ef4-43ca-96c9-201249230eb2","67e18993-3d0d-4221-bff7-040c142fcaf7","9a63ed2a-1fe3-4fbc-8adb-43eb745708c4");
insert into userorganization values ("501d8584-2f54-46f8-98a6-a99bd5fc64f3","f36fbe7f-5acd-422e-bdf5-9eb38b7e26ea","22d360c5-8b7f-4599-87a5-066b9c6eb743");
insert into userorganization values ("7d9d8b6c-382d-434e-8746-27d0a6e03e6b","67e18993-3d0d-4221-bff7-040c142fcaf7","313ddf00-1c9c-4d20-86f8-e81eff19e93c");
insert into userorganization values ("37ea3ee1-c415-4c1f-838a-da40e02cd07a","67e18993-3d0d-4221-bff7-040c142fcaf7","8debcf4c-9433-4427-84c1-b6a082a6970e");
insert into userorganization values ("5b6ef91d-2d3e-4e74-952a-ac70e9e54c04","f36fbe7f-5acd-422e-bdf5-9eb38b7e26ea","70d59272-418f-47be-9804-10610dcd4987");
insert into userorganization values ("8fc049ad-11a1-4f18-a430-43f2c5a6b0d7","f36fbe7f-5acd-422e-bdf5-9eb38b7e26ea","a1395a65-09b4-49b9-b396-8e0c9ecd2bd0");
insert into userorganization values ("1168f4a1-161f-4f43-936f-d663520504ed","f36fbe7f-5acd-422e-bdf5-9eb38b7e26ea","4e1d786b-bde7-4ac5-b511-fb44fa36afd3");
insert into userorganization values ("c9a9f220-610c-492c-b208-4767d544db1b","f36fbe7f-5acd-422e-bdf5-9eb38b7e26ea","a09e48b5-6406-49d8-a37d-21f0ddb5ca9a");
insert into userorganization values ("01802c23-9a38-485e-8bb5-e08e80aca629","f36fbe7f-5acd-422e-bdf5-9eb38b7e26ea","9d34dd84-a7b6-4d9d-b6ed-b412e4650ec3");
insert into userorganization values ("81376f14-e6bf-4331-8c03-8c36258710b8","f36fbe7f-5acd-422e-bdf5-9eb38b7e26ea","d3b8b7ca-f32c-4b0a-a1d3-2943fe54ecd1");
insert into userorganization values ("bc2bb681-5f29-4db9-9742-9b5ceedc39a0","f36fbe7f-5acd-422e-bdf5-9eb38b7e26ea","c11e26b2-4324-4c7d-abc9-4ba5a85b9ed4");
insert into userorganization values ("11c503fe-2de3-4a0a-a010-837b987e237d","67e18993-3d0d-4221-bff7-040c142fcaf7","318938aa-5066-4cce-a115-64e03072b2a9");
insert into userorganization values ("215283e2-d112-48d7-a831-fe988b90af66","f36fbe7f-5acd-422e-bdf5-9eb38b7e26ea","ec19a1d7-594a-457b-b5fe-76fbe6a35d63");
insert into userorganization values ("1d0c70c9-67c8-4d9e-b61d-c5813d31220f","67e18993-3d0d-4221-bff7-040c142fcaf7","e8f44aae-9a1d-469c-940a-0e129300d41d");
insert into userorganization values ("7a7cae1d-39d4-4e61-a873-16412601b161","f36fbe7f-5acd-422e-bdf5-9eb38b7e26ea","eccbda22-2903-409a-9e15-7bd160c668ca");
insert into userorganization values ("47d67717-6e46-4fb6-8b26-a9b0dd1b8559","67e18993-3d0d-4221-bff7-040c142fcaf7","85420fa4-dd3d-46d0-8c27-433373a912e1");
insert into userorganization values ("aca30fe8-d65d-4524-8ff3-b739ab4dea81","67e18993-3d0d-4221-bff7-040c142fcaf7","c5024d10-a5e2-4fc9-bb96-3071ab5f7ce7");
insert into userorganization values ("aa7a0641-b713-43a7-a61a-76a2a427ffc8","67e18993-3d0d-4221-bff7-040c142fcaf7","88005cf3-d8db-4d59-9fb4-50120133a706");
insert into userorganization values ("7f620738-49b3-4d41-be08-a94742ec28e3","67e18993-3d0d-4221-bff7-040c142fcaf7","6ce2fa32-e820-4b4d-8237-a48395d2403f");
insert into userorganization values ("d01b0eed-8840-4616-ab83-fc7682db6c01","f36fbe7f-5acd-422e-bdf5-9eb38b7e26ea","1edaf345-3885-4cfa-9cd1-a053e6893041");
insert into userorganization values ("d6a187f8-171c-485a-a05e-db843825fd5c","f36fbe7f-5acd-422e-bdf5-9eb38b7e26ea","4779b8bc-9b92-4550-b679-2f79417cb058");
insert into userorganization values ("f43def5d-0255-4cf0-9bbc-c7b783783f24","f36fbe7f-5acd-422e-bdf5-9eb38b7e26ea","5850ea31-cc8e-4905-b08f-de42492c0357");
insert into userorganization values ("c10c2f39-afdb-4cd6-af47-5c0fcb7f60c9","67e18993-3d0d-4221-bff7-040c142fcaf7","165d14ba-86d8-4900-a625-80be21826a45");
insert into userorganization values ("2156c676-8f7b-420d-81bb-d2723c9bd151","67e18993-3d0d-4221-bff7-040c142fcaf7","df5f7406-4d20-4beb-bb3e-567305c64997");
insert into userorganization values ("64ddd0e7-ddee-4b82-87bf-365262fe1614","f36fbe7f-5acd-422e-bdf5-9eb38b7e26ea","074cbd2c-eba3-4627-bb22-cacfa14be23a");
insert into userorganization values ("d4bcbb5e-befb-44a4-aa58-0e01f07281f3","67e18993-3d0d-4221-bff7-040c142fcaf7","809753d1-cb4f-48c6-8a57-93278253b0bb");
insert into userorganization values ("eee51321-a095-4f79-987f-5de7480fc604","f36fbe7f-5acd-422e-bdf5-9eb38b7e26ea","1c759729-c8ec-4a00-b830-734aae7bf5e1");
insert into userorganization values ("def5cc66-5a72-4830-bff0-9ee8de544160","67e18993-3d0d-4221-bff7-040c142fcaf7","a80aadea-d317-43b7-a99e-61d065b58060");
