insert into organization values ("8cefa289-e317-414e-a45e-ce4de84873c6","Organization","");
insert into organization values ("01f83a04-03c1-4fb9-8648-b15c49de3286","Diocese of Joliet","");
insert into organization values ("c661820d-0550-48b4-8555-02d04ed77597","Catholic Charities","");
insert into organization values ("395573dc-1bd6-4b6b-8820-db996d971874","Council of Catholic Women","");
insert into user values ("a97b7883-8ade-442a-be1a-9f7fd44ab1d3","Email","scrypt:32768:8:1$kB5fmjCTw4GZ5fVK$f9ce51143596fe35efc1aa97116b828635c37c38483f2730d7c8d58b8b9c690148440d99ae867c936a6181f745659bb75f58a00c3339d2daba8c7bfeae61b3a7","First Name","Last Name","");
insert into user values ("ca450644-4046-4932-90de-72987d012b32","","scrypt:32768:8:1$33ob4eumeRV79FnG$26bd74769a7a0c53290cd9ac8af3f23198452251b578413ddd750c2a0d9f3d76303a45d93e38e6cc8500b4ffc900a17f86cf7646600b41e16ce41afd822f9c1c","Demco","Test","");
insert into user values ("a31cf4ae-900e-422e-9577-57536cb0067f","jkrieter@dioceseofjoliet.org","scrypt:32768:8:1$8KNjo1I6SJ2PGmLl$6dfa9cd86320693f807729161377f116de0b913e7ee11f64c056ec1cdf6baaed4a97859acab0d19c34a3e1a34570de5f4c14e8b60bb4fe7aa2968c3d6e481c34","Jessica","Krieter","");
insert into user values ("8085efe4-679a-4f8a-8ecf-9a4b4913dba7","jlkrieter@gmail.com","scrypt:32768:8:1$5Yala460hAkRRKgA$c4df5d788fc211d285c0cd80b0c07fe596cfaa36d717383cb31938e4af76a4fcd1667c96791b6b5640bebf797c3cc98e4778c1c1b7c3288a0cbde3dfb8545e14","Jessica","Krieter","");
insert into user values ("0e50a09d-1757-4a29-bd62-472fd02b7cf6","dojdemo@gmail.com","scrypt:32768:8:1$NYMmqdsfQ6phnGWa$2da5a0f051243c27379b9f46a43322bfd6457b7bacd9ee63df73f0b5c41e19aefabd74c8cd3cb1ac51c597d832d2ac1f96be19d791d6c0173eccc1fae3a85f99","Jessica","Krieter","");
insert into user values ("392f5315-c0cc-4e4d-9381-df2634b4c360","mamclean@dioceseofjoliet.org","scrypt:32768:8:1$EG1AUVDv1CHfYyf2$ebe546e441d80b269039116a3d0b14b46fb97e84d5750b6a0d5f93668ae29e425098b61064a81642613d0d1c35b01d2ac0014aaae52b478a101776150c135c69","Mary Ann","McLean","");
insert into user values ("9add3ff6-038c-409f-8824-dffb49a6c9a3","tsingh@dioceseofjoliet.org","scrypt:32768:8:1$iOCjYTEclRUhmtzi$26b2dc39ddd0f38e19062e46667c8f2e288929a712e2612e0046efb08255f53c224c6bc4c2a433c7826ea315362cf9f4018b6f0fa2ad4853970fe1ec6ef386a2","Tanya","Singh","");
insert into user values ("ed92e361-57dc-48f4-8bb4-e7c9ab2bc27d","kchoudhary@dioceseofjoliet.org","scrypt:32768:8:1$NKdvaAqM7bUwzHf9$c8c252f319a6de4701d9260e80d5d4574ab2e643dc1b07465675976a865817da8c655338542b2cc65a4751dec26f04f2eae9034c810c696b56abbf7f8e6dfd88","Katie","Choudhary","");
insert into user values ("37eeb508-e0c8-4ea4-b309-78f5af278bf4","ecabral@cc-doj.org","scrypt:32768:8:1$cIyA4cp8kvjgJ1Cn$ea288941a6d23f826af79c1e903e00ac5a396d761072663871ef64375c1c26d74fb9301403ad41c7315ffcb3a2b0f4240a9bf22a0896af2677f6ef6de2ca6b86","Elena","Cabral","");
insert into user values ("db2048a1-8b58-4d6f-aefd-b0df82fa91b7","kschweikart@cc-doj.org","scrypt:32768:8:1$T0E6rwF2WlKCyDtg$443fafb222450be9bd74253bc46b77bbef3a0b1685f5089632f249a8dc41de014624c1232a9a57a9563ffd4695e1dd7682975e3f28e856f978ce26913c24925c","Kathleen","Schweikart","");
insert into user values ("abe3f8ee-2b3b-4a0f-bd94-4f370778bcd4","bcarlson@dioceseofjoliet.org","scrypt:32768:8:1$tpY2dyZsEJlDbdKP$e90bf225726c24689422933c41559693a49901d369883aab9755ed5b3d59e99cf9f352117f635d2d87c2623675e3ad5ef4c0fbb93bd41b2d27b17d5b2d5133ed","Bruce","Carlson","");
insert into user values ("17a699fe-13f1-4fac-875f-99b5bedbb2bb","espray@dioceseofjoliet.org","scrypt:32768:8:1$bUbA2ux4pgGaJfa6$dac02324d3bb398143710d885e9db238329a484bb912094e0507259169017706e45246b2f17675217ffda9250d922ee203447f21f738847f5fef5cb7a091eb97","Emily","Spray","");
insert into user values ("58013f1a-2cf7-4263-8deb-c26e44a19a3b","npapesh@dioceseofjoliet.org","scrypt:32768:8:1$eK8qwjUnhu7nqlow$28e0381ece0c6d01193d81cf1adf63ef6a77b8d39dbcfb72fdce3c1490686868fd503b87c2b9ed07e68dbfcdefc86770fb74c84f1a82c4541e7de6bd3b73a100","Nancy","Papesh","");
insert into user values ("f592b948-aa41-4a71-a9f5-7a7ca4c13088","lgaeckle@dioceseofjoliet.org","scrypt:32768:8:1$TRtkwkEoZh7poS1a$151c927be0f177972bf9f65ab2f7242b785a3ae174ba9dd32bf94be8f8a63bc614dd531a6c44dcfe4e32c96b54274679bd387040dbcf03289a05dcc1095a7baa","Lynn","Gaeckle","");
insert into user values ("e97a7bc5-7ceb-4f25-8256-2a0494f66adf","Lgarza@cc-doj.org","scrypt:32768:8:1$5tf4b3MbwaaB0LSu$8d564d013d82be7ee8a2aa657a744925af7c3316ca3fa49a6b385969aa857949720f507d46fe3880d01d235dc22b24a154837e96123bf6aee2279d3c09c6937f","Lorena","Garza","");
insert into user values ("4434a2a6-320f-44e0-ae19-669ff52fd9d5","Mturone@dioceseofjoliet.org","scrypt:32768:8:1$i0XUIOtPJrI6qqpe$b68d79992c6a680ff7b3b915f6c29c0cc2fc711b58296fea0a7686c1cd573571247fe14cb94d97034fa2f532c08e1b93fc1ef2711ddd371f51f68e8a46d1ea4e","Maria","Turone","");
insert into user values ("aac0470a-cec9-4592-9aac-aa8f0fd9b133","tmirabelli@dioceseofjoliet.org","scrypt:32768:8:1$0LHGyfIMy3v64TZe$d8fdd3adeb1cab127059f11cbae9f3d29cf7ede5308eb6deebc4e48349d99c17365f32a58a99329f59353614a6b2a2a2a4ec2b0f5530ae994caac96fbabafdc4","Terri","Mirabelli","");
insert into user values ("a6586136-5058-4c07-a5c2-2db64b7ac804","noral@dioceseofjoliet.og","scrypt:32768:8:1$XEeFtxHOd3ozpkYd$e364970b3792014640fb03b68978636293e1c1fb47e618270fe9349589c867f80055e0c53ba7fa32d0b5aa90722b8ae34e6622f747e291ccdf39d5bff056e399","Nora","Labanauskas","");
insert into user values ("a47b27f0-4d98-4764-91e7-4b1f2b99e64b","noral@dioceseofjoliet.org","scrypt:32768:8:1$DJizln5SyjZMttH6$fe7e48c2d825f3cbb2876b2e25982734abe34791bd9ff6b3ef851e9ee6d543833aaee284933f9a456e23d95ba5c5886c7385c2600583a1ec099b1edad54d9be4","Nora","Labanauskas","");
insert into user values ("b21ce1dd-bd72-48d7-9db3-2eb178b1dc56","jgrzadzinski@dioceseofjoliet.org","scrypt:32768:8:1$rO9VwqRZFxfg3ElF$4efe75ac0b6172156b20f05329d1aa96b7fbd0c9507124d68b5ae0d23d567435f33a7423f3bbb0186b106201cfaeb70f02aaf56c4568880ba4ea75080a57d78e","Julie","Grzadzinski","");
insert into user values ("6392713e-ffe8-452a-a399-582433e29e6e","Hplatts@cc-doj.org","scrypt:32768:8:1$W53lsYPph1L5N877$3ded40e0cf1d7dfbd7952c8e39b1dee6ffcfc4a81ee249397e6e7a1e10bf61840028f2056e4e8503a671f061514e8aa365b7c2d7b7d4aab65b5fdda96938e9b3","Hoyt","Platts","");
insert into user values ("e732bdb7-784a-4533-a326-c66b74951962","rcichowicz@dioceseofjoliet.org","scrypt:32768:8:1$F6ni6K1OOltUQdi7$585dc748795c312efdb7b583d5d1d938142afa26d2b56c580f20ca0f11d27131a3d664e96a69afb7427486e392e9f626f841aec127d8b0d5b1c08847629c8edb","Renata","Cichowicz","");
insert into user values ("428b6749-fedd-4b3c-bf19-d68a79e4165c","gkuban@dioceseofjoliet.org","scrypt:32768:8:1$Y5t0Tg0EOGBiyW0i$0015e80068215d34f1130ac6b1eb745e55a72d17edf1b53f444ce96f2320b9802e8e50b309d9870e9e8b622b7ebc5cf3e3fbe3d714cd6493507b028cf9269eef","Geralyn","Kuban","");
insert into user values ("dea4f88d-fa52-4c8b-b569-7c34efa7bd84","kwojnarowski@dioceseofjoliet.org","scrypt:32768:8:1$rcoeBY7EytiE85e0$d647519b69a6f9481279e31e3f79268f747a20f04b3a5ce53dd8eef339cc54976b78cdf9f7f6a6cd0bdca78b31f5a45b1412885be5ab28026410b61516b50768","Karen","Wojnarowski","");
insert into user values ("b542db1d-92f0-4350-b7dd-b617d3bc07c8","vpuscas@dioceseofjoliet.org","scrypt:32768:8:1$BjsVTig43jhqNjPn$553ded32e6213f4b25283c634ea8d326a54608d69dd50928267fb5b598b5adc01b41dafd2fd19fcc47aadb3299c12b773059d39d2046e5ca3c011df337a75b8a","Deacon","Puscas","");
insert into user values ("3b81f5d9-edc7-4b91-8f42-78f2199d6bef","bherrera@cc-doj.org","scrypt:32768:8:1$OjeM5L9gbGvEAYfr$db166b31154cdb26cd50713191c45022565e896cc48bd16f1eed1e1ec143f6dc65884011339fa0f55fb13c9d93e597ae52c8c9d25ef030e52c5b3aed73684d1e","Brenda","Herrera","");
insert into user values ("db32261c-935d-4f2d-86e9-b715ecc8c176","mrobb@dioceseofjoliet.org","scrypt:32768:8:1$kqUlkMHV37rwzKTL$16aa5f3c49a7bab0b0449d220c310a1fa5bed23e05309bbae539fa250bbf59e6b716075df46818307e517ad11f5682e716db2a8edc7fdabe13045555d5b3aa16","Mercy","Robb","");
insert into user values ("e9da687e-f448-4086-b99c-8f37bde35970","dgritzenbach@cc-doj.org","scrypt:32768:8:1$kIO2S3Ne7gRIUHLd$d83fd666c3602d4ad8cbddf94a3d5c944a6ba8f42bf434884fa8b18359948b725fe05007229535ed423c8eff8b082b816719710202f233c7b4fe701c8fa70dd7","Danielle","Gritzenbach","");
insert into user values ("61c498a0-f0c1-452f-a972-bf494dde91f7","vkloepfer@cc-doj.org","scrypt:32768:8:1$m527QhmZkXS71jj5$3cd78f128648a7b57704e9f7dbbca734d6636a0b2fca4978c77d4de3447e0c5c531b8366c83f336b5fc8d946939f3daf8abcf503333a478521080d46a45c3ae9","Vanessa","Kloepfer","");
insert into user values ("4f2f39d2-0e62-4f6d-aba1-875ec4a819f3","cdelrio@cc-doj.org","scrypt:32768:8:1$oWmEbfCyP47SBjFP$8c11c4e919758398365f7ad2f6fcea2795d7c1d4576ad044da0c15595e8d0bfc262bc093f626b5a6829ed409cd0f2e0294392715e21206f2b8131325fe22cf23","Crystal","Del Rio","");
insert into user values ("273379e8-ffd4-4d79-84ff-4efdfd5a5bd2","sbartels@dioceseofjoliet.org","scrypt:32768:8:1$nzm5neVlbBbyZRhz$1ec13014ebcd64a8faa738ade96fed4a5341afcd9cb6924d1f7d6270c6288e0adb172a6cbf01460af7ff1282129c8dc3cf01d18c569d72f0f07fd9de92887274","Sue","Bartels","");
insert into user values ("a0f27a84-7b89-443f-af74-599d490975b2","jreyes@dioceseofjoliet.org","scrypt:32768:8:1$EsVqqm2g0Tg3m777$27e89e2755cc6c264c3fd9cec5d916879c251106678aed21f79c6045a4c36abedc79bf5b1624c8b99806cda65ea508d8b9f7a98029e16054078974499174ddb6","Justin","Reyes","");
insert into user values ("e043b9ac-6f8d-466a-8017-0ad8774b9445","jwick@cc-doj.org","scrypt:32768:8:1$K9wlkbhGefay3l86$fb1cbd5c5221ea109b76fc43775cce8229dd110b33df59c6bd61b33401d1af4abaf0e2194a7f1c561d206a846913e71f3bc153d57d29c0a4bf998bb49e1252fa","Jennifer","Wick","");
insert into user values ("56cfb560-7291-4981-a090-a6f30b9df151","CMasson@cc-doj.org","scrypt:32768:8:1$eSCKTwN6VCdU6trf$d15a7d6d23c3cfec62a5f2d54a3c1b9e5eab5050dc448a0f8d008c68d57cbd4b1055c3d9650c5f8c873cd2a499fb430963f4292dfa3d325d8c1905eb807812c4","Connie","Masson","");
insert into user values ("1fb03458-e491-482b-acb6-8c8a39bbba19","shirleyaroberson@sbcglobal.net","scrypt:32768:8:1$qCstfeBh6kwRLRe6$1890ec793cb3a02c32ca665349ff0e25347dfcde43433b643938f6f4c840c98bd1155b44476877388debb88dfa0f15846700d18d77e9da240d5c60cf6fe5b2e1","Shirley","Roberson","");
insert into user values ("982a4e71-48dc-4c1f-a1c1-7316bbcff4bb","sroberson@dioceseofjoliet.org","scrypt:32768:8:1$NzGPs02SJAUsm1eR$dce58e0397f2d2284840badae95d886f8695ef9dc10af45342cefa63b6e936dd8fdf4390286373540265e60ada526c12ae1ec9a39e826d5e1d773a8913ebc17a","Shirley","Roberson","");
insert into user values ("4befd524-ec87-409e-a18d-886ea32be662","lheffernan@dioceseofjoliet.org","scrypt:32768:8:1$Hy29vV7aUHSyjVJk$cda01e263e8db3c52e4a8b55104947d88cfb38383230056a24d368fd2c3c0261a1a6bab877acb2e971999178af14e15380ba4d4876ac7371ad92783f6c920e3e","Leah","Heffernan","");
insert into user values ("2ab65ed9-079c-4f6f-95ed-755b1b510318","abotero@cc-doj.org","scrypt:32768:8:1$JEd14M1KmdpjLpZX$0e91097d4459beff03646b3420ea8946642e754bbb14ff9c8e149e0ec5280ea97e1854a304c0f014e842050bc7cd7e441ce923e3f37400aad3f55d88a4d4ef43","Alicia","Botero","");
insert into user values ("b250507e-fc6b-49b8-9dac-3850d8139d61","tfisher@dioceseofjoliet.org","scrypt:32768:8:1$kjQfRd3JKJw9H33g$8552946290234c30cf47073e58a96e751a3b275de8a9e4a892b804c65f32cfb016f0e824453436f2978139774bf769d78211961639c97a492ce5b00a6e100bd5","Thomas","Fisher","");
insert into user values ("1590a31f-d403-4757-81dc-a0f34fc47d7d","mruiz@cc-doj.org","scrypt:32768:8:1$rzcsgLDT7R5aGZU0$453ff3817b2d3b0c8081f761bf3376c4019e8561b9800558252949955c53310edbd53ab67ed293c84203bcc03508b3cf1125303796f9be2465460dd172d05f05","Mari","Ruiz","");
insert into user values ("00507e88-19a2-490a-a6be-95c4a6a65e12","avaltierra@cc-doj.org","scrypt:32768:8:1$Eq8yDZNN7BFwgKry$430ab311c76c2656a3ec27ccdd82b3edf3a37fe160c76385982ba1c0de65f91633f1934a0d5980e99994e1592306606fdbb530d7fd486b44debaca9323b07bce","Alicia","Valtierra","");
insert into user values ("da0fe6fd-1af0-4a9d-ad65-fea54b728cb0","dcamp@dioceseofjoliet.org","scrypt:32768:8:1$IIWMtZwYtFS5puKJ$39b5f32eedc7dfb0fef66731135aeedde0123312e1548688218e1c91a01dd9b77422fbe36a5bd6fa92785a7dba3208ddb0b1fc3da7c9d22a5bef697657a01706","Debbie","Camp","");
insert into user values ("41034a6d-c67f-4a6d-827a-d3e94050974d","jbernhard@dioceseofjoliet.org","scrypt:32768:8:1$t7yOOJpCcanw5lvg$410efc07806b7f89b6925c14a8f4b962db8354ca638c58db002dbeb717e4ff18e4184886e07b0341176bc1068e70ea6b5f5de05b1d9fa00108a17e12ef94e6ca","Jacob","Bernhard","");
insert into user values ("56c63c9c-471a-4ad4-a44d-25e5b4259f30","jhansen@dioceseofjoliet.org","scrypt:32768:8:1$k41pG9OFhw5EsTAj$c2c271cc83ece125cf43c9eb20c30a0ad41507a1148efe8859a28123d12672da6a92f54c10f4dca18eed99b23e0aa44c5744af5e601fa1c192c85eba1d471d86","Janet","Hansen","");
insert into user values ("25747c74-cf49-4f25-9ea4-d5425ffbc5ce","krice@cc-doj.org","scrypt:32768:8:1$oFH7divmN0VZaF98$e087a942e1637d1cb0800965101acc247adf235a0b9f91abef8b0230280a0bbcf6e32fb1f5978be82fb1ff1fbe61e17ed347b59012b2afb17e4e1f3881b4ba05","Kelly","Rice","");
insert into user values ("dca01b04-144c-477d-b6aa-bd0cd0a7c157","amoore@dioceseofjoliet.org","scrypt:32768:8:1$6gVgZTJaHplS5Q6R$20f38860794c6d02dd7a004a1faafac156fa5987bd4144e3abad9cb9e022ef923cfc2d4daa43572fac648467edb81ef7cf43d5dfe90b7e50806e636968063112","Angelica","Moore","");
insert into user values ("704ee49f-47e9-4ca9-94dc-0d8f20ae32e8","mmassingale@dioceseofjoliet.org","scrypt:32768:8:1$zypvBzJls758HzEn$ac4fd20c996e9841e2ed4e9cf12a4d3b4728b83ee9fe63aefc62d097799ecd95bd2e721cd1eaed3fbaa70cb9402e4bfb1b431323841675ecaf297352ce62e54e","Mary","Massingale","");
insert into user values ("66efc692-70d3-474d-a1e6-f5d737f6953f","jgeorgis@dioceseofjoliet.org","scrypt:32768:8:1$t5oJ4xxdmPWIiv6U$e171593f108ae5acfdc668a76d6533eee5b2b3cd3617ba25afebfa21655b1a45c31703217dc6ab491947b5a3b6b060c8da0483a576546349c515e07afa09cc97","Jennifer","Georgis","");
insert into user values ("f81d1ec3-9223-4750-bf06-4a52b883d61f","bbranch@cc-doj.org","scrypt:32768:8:1$Q9ZdoONzNf62hoKw$cc74ffa6921c8b6f01bef178c9b47addf39548eefcc70164f07979be97e08f9f3c3350ce7cbdae3eb330d2775fcf974ca021c994d8d2dd74132ada9aeb66ec63","Barbara","Branch","");
insert into user values ("57522d54-1271-4218-843a-1a5444f3ce2d","ccwpres@dioceseofjoliet.org","scrypt:32768:8:1$KuC6T7F1CLRDnBAw$3f4ff6f595600f1f9951f1b8d574d121770f5af843a57e4b5e080fca215dfa69058866a9d6673471a9377a04ba30a84bfb8663ead95263bf9055edafb18d4061","Kathy","Williamson","");
insert into user values ("e3181370-6623-4c2e-94b1-2b38409490ad","jdccwpresident@dioceseofjoliet.org","scrypt:32768:8:1$Z4CrJBDBxQ4SjDvW$2a276f89db35699821171c78577308312f771ea7d0823180e65ec9e375516862adb0760376572fc0a160d929d962972a308f0ede1bbc9995328fbb3ee364d904","Kathy","Williamson","");
insert into user values ("e9b8745b-40ee-428d-aaef-51e2600e88c2","aclishem@dioceseofjoliet.org","scrypt:32768:8:1$XdxvJN8aqGkbfzQZ$35948376149244d7aecf931934a12d5543bd49536789dde7a9dd9b12622c4a139cd4aaf611812abfcccb7aa5e624847ec1257d00189d2cb2455b01bf6af202aa","Anthony","Clishem","");
insert into user values ("e170a50c-97ce-45a6-bd38-2bce9fa48fb1","ldimas@dioceseofjoliet.org","scrypt:32768:8:1$1bWcbrawf4RsebCi$be404145cd599f391bcc82ae7a4a7f059998106e6a12ccfbf4f1a280fc7f64134d61a5825105a5aba987d19aa273c3a26926257deca4abb456ea2597bff45fe8","Lety","Dimas","");
insert into user values ("607464d0-7392-45a3-8bec-a1e0f8004c33","bdeja@cc-doj.org","scrypt:32768:8:1$NOuhDPfGGsuTvjTb$2345920719a0dee73e7eae3fe207dde369e10ec8150b59e7a1ef6e07c11144706e1b36617c03e4bd2efcaf38cb9ab8bda2bae9f45bd75b80770a9b7ffd4890de","Beka","Deja","");
insert into user values ("26179331-d67f-4217-a40b-0ab05d0410a3","adulinski@dioceseofjoliet.org","scrypt:32768:8:1$asTwJ5efNYEM0yHF$898155872e624ef8ac94793dffbaf8f2e150a6945f3d50411b2691061a947f85ef843f694fb81f28d650986d630e86d81db96c20e1be21f4bd0544c8345940f6","Angela","Dulinski","");
insert into user values ("cd2fe38c-061b-4d97-94a2-9c07a607f968","along@cc-doj.com","scrypt:32768:8:1$Ticzgnyug0aGVxMS$86f855d71914ae584da08499ecc1848d7a9013c607e2034e8e62741d1550eaa0ea31942ad73ba6ee6a80b8ea06380f295271db09b5f4e49c20af7835c74a9fd5","Arian","Long","");
insert into user values ("203b7436-e60a-45b7-820f-ac34e0ac6633","along@cc-doj.org","scrypt:32768:8:1$J9mFrqu2xX2rgZnM$91ce5ecb2616db4eecfd2e99af5d3625d72b85d098c78727103ba94ba3e51061f6a24b5ec093ca41a3fff25c39d42abe6036df50ff9d150b2e4fc026b89ed471","Arian","Long","");
insert into user values ("14a761e0-fc98-4ec8-8023-cc67892212dc","tlech@cc-doj.org","scrypt:32768:8:1$hxddGtW09ohOrKCP$d4fef48f9cd5d8aa130bd642f44b8bd43cbe7078d938321ba98301b891301feb6e1e0d53cb99ecdcea4a69174c2cc944c6f1d1182741471cdab89faf2937f3e3","Tracy","Lech","");
insert into user values ("6ad99ecc-bcad-4d05-bb13-dc4ac6be03cd","cnye@dioceseofjoliet.org","scrypt:32768:8:1$4oU1d8xhmZao132P$21613955ad512f3b01455e469ec07828560cec378298d395fb165e0e95bbba74807bc090b9e1113eccb7aeb6364e830b7e60918ce1976c984d203537292b01f0","Christopher","Nye","");
insert into user values ("fea8f914-80a0-4901-8a1d-bf0ae799fce3","mharton@dioceseofjoliet.org","scrypt:32768:8:1$6585rxysYOmn1rRb$2aeaf5f389be5029da33442012c87063b88d047ff7abb844db8f5c4d11d8130011566fc1280e3db89c78df9782ff0428b183444fc0f49d433672cbc58fc3bedf","Maureen","Harton","");
insert into user values ("dae0c584-9a2f-41ef-8994-e4231a682a74","ecabral@dioceseofjoliet.org","scrypt:32768:8:1$ih48QNfFWfUUBRQE$7178d3ce6b947f7ae875ef57d37bea6fa74985497efa5d7f6f4d146f30ad5595bd034c1c49ae6556fd7d6061cfe17e8a3b8a428acfdb82668e4c7a0505d2b9e2","Elena","Cabral","");
insert into user values ("378e214e-f288-4405-83f6-649507e5add8","bschroeder@dioceseofjoliet.org","scrypt:32768:8:1$V8dzJg64kkYh2A5E$7a10df584c4379d6c5ef8751711c3a9a029490127894c8187b9934456d37e025aefd333a2783433ef591841efddb455b8f6343673a7191244af35fac08af4071","Brian","Schroeder","");
insert into user values ("f4b43985-48ed-4b73-b686-3c94cea24a82","cstephens@cc-doj.org","scrypt:32768:8:1$aEMjhw9MfutUGHo8$c4557562e6a2d02b1237c3acf782f7a70e7ef5b9836e56fe711fbc18048168372f00f8b315fcbb704af5bbb9b74d9dd4a3284e4e299099574016c7f22ec2d32b","Cathy","Stephens","");
insert into user values ("60f00cb8-75d9-4ecf-88a2-9364a48751ce","jelias@jolietdiosece.org","scrypt:32768:8:1$OxkMi0SnCZpOkZB9$3fe86a192577c04413851792701994b1838a57246f01858e757086c729c819036bd9b6d0e4e5c911d288c8296fa2f5901c926aadcb047c6721b17b525ef0a774","Jim","Elias","");
insert into user values ("79eef3ee-6432-470e-b94f-91f7105f37e8","jelias@dioceseofjoliet.org","scrypt:32768:8:1$zY412Y78zWrDpHLD$61a1ca2388ef5a93aad0bc2b2bae21be6714136566246a45969a8cfea1802425352970c658b59bddcd1b268737a40feed9fc0f04d1ccafb3a2caba3adbea6906","Jim","Elias","");
insert into user values ("898da32c-9a6c-4c70-a1cd-30b8bf7dd885","Phuizar@dioceseofjoliet.org","scrypt:32768:8:1$NrCPn8UF8y5JNVLD$b5b2c37a107d8fb12ccb80709ea85e1390a4f9dbcd234159fd2d0a43b8110d24fdecc989185f6afa0eed7b0077c7c0c3e9a21b85cbac77cc07b9a41ca78e4912","Patricia","Huizar","");
insert into user values ("8120479c-8c1b-4e15-8943-cd3682204e49","smclemen@cc-doj.org","scrypt:32768:8:1$u3tMOMBwWOuO84cd$3b5027f953e10edf0fe042aa6a5e22e92e7b431b37ebf77a4bcc4185a655184d1c4ed354c1d5eecbf402b45e8f131f25b262593dd45de57766a196546d0957c0","Sharon","McLemen","");
insert into user values ("daf46095-0811-438f-a3de-f5b6bdf2d484","jgudeman@cc-doj.org","scrypt:32768:8:1$k56grHjhhqE6hPCe$a8f73562c5a00fdaf1bb9c6a11d5d3547bfd8b9471feed2aefcc6fbdd06d9555d3fb26c152fa070ffa75b0f2fb77188ee5c632e9f0163bacb95529aa78b06b12","Julie","Gudeman","");
insert into user values ("19930042-04aa-4496-938f-99a4e3c18766","Jclark@dioceseofjoliet.org","scrypt:32768:8:1$N6rIDX4tK80KEIEH$747f40bbbaba629bc77f190f52217d3acc15a3b2cbcc55ee7deea2b4e95b0274341f040e638e5c0010f74a4f7542949c1151b53490c58a910a0433590ba43adf","Joan","Clark","");
insert into user values ("14772047-c5f5-4993-9b45-55f9242fb37d","jknoll@cc-doj.org","scrypt:32768:8:1$QcbEvUUjuB4x9Lrk$66ba62b168f062f5beb73663ad09cd5adeb8a8ff5eaa6c922a1e7a4e01b801a70fc0559e8d3831f7cce12fd9366556808e25c8c6b920b01f6dee0275a0650cfc","Joe","Knoll","");
insert into user values ("cc8cda79-eb50-4ac5-917e-da4252068dae","mtorres@dioceseofjoliet.org","scrypt:32768:8:1$XoGaqfblahz33ugs$eecb6bc2d8c7672bcfb303d6aea5ed552f2ecb334525cf984384c5f7ac4cb503678afca5bf4bcc83ce445db2cde117158b7dd34a45475cd848bb0787603722d5","Martha","Torres","");
insert into user values ("614693d0-9395-4c5c-a5a1-9fb687c01bd3","bortega@cc-doj.org","scrypt:32768:8:1$UA6HoDPSqNuzOGed$dfb14ad4fb8d637732c6e59c7e8c5ad08ffb96e7474d02f69fb6008223761446da89c30fa113e96800ec51b614f2aba8306b6a4b2fd7ff3264ada80f7005eace","Beatriz","Ortega","");
insert into user values ("98bb6b5c-8f58-446e-ba59-f1c3f50efbce","pjain@doj-cc.org","scrypt:32768:8:1$wqGo5YQ0NP06eLiw$96f9547ca9f0bd81abe115e2943fb53b4fd85e3a407ac17ac3c820d522eb9c9da0320549b82d07a29f29722d00c4681553f2624467afbd3356be2c7b6d54130e","Prem","Jain","");
insert into user values ("facbb4e4-0c65-4d1e-ab27-d5115ed03fc6","bwilliams@cc-doj.org","scrypt:32768:8:1$oSlZsguGWeaJFddU$c7a17f2916dfddaf4d998a1f9c37ab284e871f1cf92972cf7b937804ed9d29ad3e1d6b14b68df3b89a9bc98ab091c2fdfe26343df8fd4630f9b82cb32832cf95","Bry","Williams","");
insert into user values ("6de32dd3-1ce6-47a9-9340-c78fc1b19cdd","chamilton@cc-doj.org","scrypt:32768:8:1$0m33mYYQmIjDtTym$b6d3421178f980c4fc1df6cc086a97209bee6ff9dc47127ca9c2afb19794e6e08e8cc2d49c3cdefad4fb3fe2e6fdc5d55bc7342a5564698dbb1d29d56432054e","Cynthia","Hamilton","");
insert into user values ("8857bffa-7935-4751-81df-9795068e1ad7","srogerssmith@cc-doj.org","scrypt:32768:8:1$Bl2yJDUDOBBTfbws$3cd9b03d90c0dae0bef78aca0fa319c910a755a79686cb9a77fc333135398779c2ac8b6f3f0a95da1c58d857923bfd0d6ca7875334bcbccd2de39ab3962fd40b","Sonya","Rogers Smith","");
insert into user values ("98edbbe8-26ef-464f-b959-76f83c948fd3","rneubauer@dioceseofjoliet.org","scrypt:32768:8:1$pz3npTtZMjH7efSL$23a9d97871c21d7820a91eb0e1e261130c12cfbe7ed0e06d3443628d3fd443e1e1470637357db484c5f69229a8294f4341998b76b837cd2ce76c5d25af847feb","Rachel","Neubauer","");
insert into user values ("51fe81a4-7864-47b2-b9bc-057359c95612","abuldak@dioceseofjoliet.org","scrypt:32768:8:1$JVB0uGVbi0n275Hb$e4590934fc1ad731e5397c5f48537162d53acbab592feda11d2626dbf3d67cf498b4240985817b2d0b1fc13b0da8cf38679c0767b095759284cd753cbe6a893b","Alex","Buldak","");
insert into user values ("8baf07d7-f1c2-49f8-8c7c-f741373d00fd","nherrera@dioceseofjoliet.org","scrypt:32768:8:1$6uh5ptzTjPL0EDaN$f8635db455947d43bb3cf800e04c35bebe85f96ebd780691c114ab0b7c38a2c25bc1b8cf314e5846e6405859330d29731132517bf133c689148854366488b3dd","Nancy","Herrera","");
insert into user values ("e6a2ac35-0503-4058-abcf-94f63cdf5105","chouse@cc-doj.org","scrypt:32768:8:1$sAwjssXxcPT2uMfA$91d89d6d16ab8f597ede2b1795ed2974ede6b904006af416c407f68838ad82a3b97bccca279b240963254a86e166e77cb3bb85805cbf82bda9233a9464c555b2","Corinna","House","");
insert into user values ("11c7c4d9-42f2-4241-beee-05d91840fe15","BCCRECEPT16555@cc-doj.org","scrypt:32768:8:1$THraTvCeQs4CNz1B$54f4f3b6429f4392806ee557c4738b2f304a10976106d22673568a3bc69d1b660333fb7fa104b539e87ac727e1a0a1becdb293c1a9d10e1f23bd0ff2b94e275c","Catholic Charities","Receptionist BCC","");
insert into user values ("cd0e57cf-5d31-498e-83f0-c7ad0a034119","sdidomizio@dioceseofjoliet.org","scrypt:32768:8:1$I1cdYfOPPesNM7li$e6522ab577d25e6425b96a9252152f62bb9305aaa524d4466e590131e2a3e68b93b331c3cb35dce92f981bde5a302bf6f1ae6881f741b266eb10a55c53a681e5","Susan","DiDomizio","");
insert into user values ("a9c54b8d-dd70-42ce-b929-38f1fb338607","mdellinger@dioceseofjoliet.org","scrypt:32768:8:1$9FpRhwwDUgLcd7IM$4bccbf8668afbee8f220aabfa44137f4bff376b6273f4d3bc7227b52776b00b1cb641abc3a606100758c52ab5e608a23839720c62e94660907a1b9b286fb8166","Michelle","Dellinger","");
insert into user values ("c873d614-a780-49b4-baef-a48df5fcaef1","lsumrow@cc-doj.org","scrypt:32768:8:1$bfzMJuTp1gqi8x6p$f4b02742689c6c0289a40d3cafb256a3344415b1daf37c02b1665d0bcf69ae30cad44d43a74ae61ef054168b06bd85af76dfcf63ca1565ede04011814075628d","Lisa","Sumrow","");
insert into user values ("d4fc1e98-f1f1-4af0-a0e5-76460defcc3c","jlkrieter@gmail.com","scrypt:32768:8:1$WuczwUrXcZtY7AcD$5ce71f7bfa5a27be2245e757d410babe2b2498f89c9dfa68c1f1bcdc95d65fc9043ccd75e633871226fffff22d7fb3d90f309a6253407419b7f4d3b8d518ddfa","Jessica","Krieter","");
insert into user values ("ced4e7eb-d42b-4bf9-8de8-8b555ee4568c","mgregory@dioceseofjoliet.org","scrypt:32768:8:1$AYXe5Whe5a9LGrvB$4ffdb53b8ff2d33e8d118ccca533ae44ddf72a1892510406827221f157765074d81acca4d357a8def75757be8aea745e8b29019a4aea0cdef90d59ca210e3c43","Mark","Gregory","");
insert into user values ("d1db0921-f67b-4672-9f44-bff1f39efcac","pageary@dioceseofjoliet.org","scrypt:32768:8:1$1H5WOa6Cd15E8tIW$1a4f51afc46c87e98847b2e3855b1406eea61b0c74e64fa1b6edbc48336424ba2a64a0a8290324709fbb4c9febd23abcfd178cf9107ee68dd6359283b1299a16","Pamela","Geary","");
insert into user values ("320cfad0-bf8f-4fb3-807f-d48b3c2ea809","mmccoy@cc-doj.org","scrypt:32768:8:1$TUHP9VUBnh0phaIr$08332db0c27820ad068bdf7d885bd692cd790dca466fefc741d7c434b1c62bfae1d0508532b1a5523df0a3bef487f8e7deaa70afa3e142f6496d8cec5df63799","Mary-Ellen","McCoy","");
insert into user values ("4cad44a7-861b-4069-82bb-c30227047854","KlumpRa@lewisu.edu","scrypt:32768:8:1$rp2gymK3cTsFsekY$944ee0d5f988bd581435df79e89d1fff87704e48164a28520c9f39b83cd8ec2f2dce6cdddf71e07f3828962864db3ccde2d77f2440f9f52d28d6af213abacf3d","Test","Account","");
insert into user values ("f926d001-78b0-4aa0-9fdc-e9125efc3d17","cenglish@cc-doj.org","scrypt:32768:8:1$aK3gIrWgNvPcQaB2$7e906e10c0b37a7685ec43af86d43c7fbba38858cd66930ee8716e6044f4ec6290d5ceb43b3a0cf58e904305937ca258ae82b65bc5c2a4886548dda2f9deec39","Christopher","English","");
insert into user values ("696c8a4b-a39d-40ca-bf19-a55a4b6f3c23","jahikstewart@lewis.edu","scrypt:32768:8:1$AJ7uEgABsGTq4hVw$56f66211a045485114486d726fb0dc3cd5007b16d523eec22957e07ee27ae38d417940a9d6ed343fbc1ec7203eea46e43b72332a0db4ff7dbfc1e3c89db2798e","Jahi","Stewart","");
insert into user values ("e3f28c0c-077e-48c8-8489-0e84575ac44b","jahikstewart@lewisu.edu","scrypt:32768:8:1$aQ0khik0QMo3yZHP$562ee0a27a62d388dea77a2ee6095ca19c8a69afb6d3dda80f1e8cab8ba8699f4ced9227a9b9c6ae428b2910365750ea540fdc814f58bb249bfa15ce97377f6e","Jahi","Stewart","");
insert into userorganization values ("5058548a-4b51-409c-a935-f1c98e35f6d0","8cefa289-e317-414e-a45e-ce4de84873c6","a97b7883-8ade-442a-be1a-9f7fd44ab1d3");
insert into userorganization values ("6813e87d-324c-42ec-9183-12c84ff59cb5","01f83a04-03c1-4fb9-8648-b15c49de3286","a31cf4ae-900e-422e-9577-57536cb0067f");
insert into userorganization values ("e7e66868-6953-4bdc-891b-9c38215cc69e","c661820d-0550-48b4-8555-02d04ed77597","a31cf4ae-900e-422e-9577-57536cb0067f");
insert into userorganization values ("d6bc49ce-4cad-4895-95cd-498866a0b1de","01f83a04-03c1-4fb9-8648-b15c49de3286","8085efe4-679a-4f8a-8ecf-9a4b4913dba7");
insert into userorganization values ("1449843f-3b3f-41f0-a820-459a1699d2e5","01f83a04-03c1-4fb9-8648-b15c49de3286","0e50a09d-1757-4a29-bd62-472fd02b7cf6");
insert into userorganization values ("874de40e-d129-4647-87a7-17d0bba7a1f7","01f83a04-03c1-4fb9-8648-b15c49de3286","392f5315-c0cc-4e4d-9381-df2634b4c360");
insert into userorganization values ("a571ccc0-cf28-48a1-8416-acf6a8eb213e","c661820d-0550-48b4-8555-02d04ed77597","37eeb508-e0c8-4ea4-b309-78f5af278bf4");
insert into userorganization values ("c0867688-9328-4196-84c9-0bcb5175ae0d","c661820d-0550-48b4-8555-02d04ed77597","db2048a1-8b58-4d6f-aefd-b0df82fa91b7");
insert into userorganization values ("389de88c-507d-4e89-9839-03f384eae06c","01f83a04-03c1-4fb9-8648-b15c49de3286","abe3f8ee-2b3b-4a0f-bd94-4f370778bcd4");
insert into userorganization values ("6124d77d-8823-4dbf-81ef-29587c1256cb","01f83a04-03c1-4fb9-8648-b15c49de3286","58013f1a-2cf7-4263-8deb-c26e44a19a3b");
insert into userorganization values ("e2118531-a46e-44f0-974f-f0b3cd07876b","01f83a04-03c1-4fb9-8648-b15c49de3286","f592b948-aa41-4a71-a9f5-7a7ca4c13088");
insert into userorganization values ("06a1d1ad-c708-4a5a-8402-a4d20f7dd7f9","c661820d-0550-48b4-8555-02d04ed77597","e97a7bc5-7ceb-4f25-8256-2a0494f66adf");
insert into userorganization values ("f5ba5a66-fbcc-43b1-86c9-9ff12fb0cd52","01f83a04-03c1-4fb9-8648-b15c49de3286","4434a2a6-320f-44e0-ae19-669ff52fd9d5");
insert into userorganization values ("a6f064db-fbad-42b1-bd6d-63009be7cd87","01f83a04-03c1-4fb9-8648-b15c49de3286","aac0470a-cec9-4592-9aac-aa8f0fd9b133");
insert into userorganization values ("181c9956-91fa-4afc-bd91-19b2b23afdad","01f83a04-03c1-4fb9-8648-b15c49de3286","a47b27f0-4d98-4764-91e7-4b1f2b99e64b");
insert into userorganization values ("d93e8e89-0841-4b6f-afd1-a78956422fe0","01f83a04-03c1-4fb9-8648-b15c49de3286","b21ce1dd-bd72-48d7-9db3-2eb178b1dc56");
insert into userorganization values ("b8925477-36cd-4afb-a8e7-8c8703ae296f","01f83a04-03c1-4fb9-8648-b15c49de3286","e732bdb7-784a-4533-a326-c66b74951962");
insert into userorganization values ("d9f455f1-426d-4312-8720-b1b5bd442f60","01f83a04-03c1-4fb9-8648-b15c49de3286","428b6749-fedd-4b3c-bf19-d68a79e4165c");
insert into userorganization values ("83023af7-91bd-443e-8347-49980364be22","01f83a04-03c1-4fb9-8648-b15c49de3286","dea4f88d-fa52-4c8b-b569-7c34efa7bd84");
insert into userorganization values ("00f8cb45-300c-4f75-97ac-649b758e2e5a","01f83a04-03c1-4fb9-8648-b15c49de3286","b542db1d-92f0-4350-b7dd-b617d3bc07c8");
insert into userorganization values ("d0f8b093-55e5-4d55-9239-9631710bebe8","c661820d-0550-48b4-8555-02d04ed77597","3b81f5d9-edc7-4b91-8f42-78f2199d6bef");
insert into userorganization values ("98688d9d-2de8-4d94-89ce-cc86d6cf7a97","01f83a04-03c1-4fb9-8648-b15c49de3286","db32261c-935d-4f2d-86e9-b715ecc8c176");
insert into userorganization values ("f2d501c4-62aa-479c-9d88-e59cdd82cd2f","c661820d-0550-48b4-8555-02d04ed77597","e9da687e-f448-4086-b99c-8f37bde35970");
insert into userorganization values ("32d80d89-8a61-4947-a092-ce3d715401d6","c661820d-0550-48b4-8555-02d04ed77597","61c498a0-f0c1-452f-a972-bf494dde91f7");
insert into userorganization values ("64c9dd5d-926e-4282-b87e-b86e713427cb","c661820d-0550-48b4-8555-02d04ed77597","4f2f39d2-0e62-4f6d-aba1-875ec4a819f3");
insert into userorganization values ("c77b0f52-e5f9-41db-9177-497e19c6fc5d","01f83a04-03c1-4fb9-8648-b15c49de3286","273379e8-ffd4-4d79-84ff-4efdfd5a5bd2");
insert into userorganization values ("e5e1eac1-e6df-43fc-b13f-c26139d5de58","01f83a04-03c1-4fb9-8648-b15c49de3286","a0f27a84-7b89-443f-af74-599d490975b2");
insert into userorganization values ("b8a91263-8be9-4e84-abda-ee934704ce7c","c661820d-0550-48b4-8555-02d04ed77597","e043b9ac-6f8d-466a-8017-0ad8774b9445");
insert into userorganization values ("de894819-47cd-499c-9d58-84f82800a4cd","01f83a04-03c1-4fb9-8648-b15c49de3286","982a4e71-48dc-4c1f-a1c1-7316bbcff4bb");
insert into userorganization values ("e6d6262c-4a2f-40f1-abfe-347e1c84fcf4","01f83a04-03c1-4fb9-8648-b15c49de3286","4befd524-ec87-409e-a18d-886ea32be662");
insert into userorganization values ("a567983b-e5f2-4520-aaaa-abf7020b9340","c661820d-0550-48b4-8555-02d04ed77597","2ab65ed9-079c-4f6f-95ed-755b1b510318");
insert into userorganization values ("220e4303-8f6d-47ad-9223-cf1ae4e60c00","01f83a04-03c1-4fb9-8648-b15c49de3286","b250507e-fc6b-49b8-9dac-3850d8139d61");
insert into userorganization values ("72f3c0bc-08b4-4952-9516-e60dd7799bbf","c661820d-0550-48b4-8555-02d04ed77597","1590a31f-d403-4757-81dc-a0f34fc47d7d");
insert into userorganization values ("1e104281-dc9f-47be-8967-132b079910d7","c661820d-0550-48b4-8555-02d04ed77597","00507e88-19a2-490a-a6be-95c4a6a65e12");
insert into userorganization values ("2ac6efec-639c-40e1-88f3-77fc94f5378a","01f83a04-03c1-4fb9-8648-b15c49de3286","da0fe6fd-1af0-4a9d-ad65-fea54b728cb0");
insert into userorganization values ("d76d8cdc-e852-4e29-a2ba-680707fbbceb","01f83a04-03c1-4fb9-8648-b15c49de3286","56c63c9c-471a-4ad4-a44d-25e5b4259f30");
insert into userorganization values ("419319bf-103b-45a6-af0b-c1be35177024","01f83a04-03c1-4fb9-8648-b15c49de3286","dca01b04-144c-477d-b6aa-bd0cd0a7c157");
insert into userorganization values ("ae6d03dc-3125-4481-bdba-ffba822f86ec","01f83a04-03c1-4fb9-8648-b15c49de3286","704ee49f-47e9-4ca9-94dc-0d8f20ae32e8");
insert into userorganization values ("d444f87b-03e0-4960-bb2d-9470e6090915","395573dc-1bd6-4b6b-8820-db996d971874","704ee49f-47e9-4ca9-94dc-0d8f20ae32e8");
insert into userorganization values ("d30ceada-bc7f-471b-8afe-f922e03d2ab5","01f83a04-03c1-4fb9-8648-b15c49de3286","66efc692-70d3-474d-a1e6-f5d737f6953f");
insert into userorganization values ("bccc50cb-852c-4481-b00b-abceb568eb59","395573dc-1bd6-4b6b-8820-db996d971874","57522d54-1271-4218-843a-1a5444f3ce2d");
insert into userorganization values ("fb416ccf-bd23-436c-9512-60250f9bc93c","395573dc-1bd6-4b6b-8820-db996d971874","e3181370-6623-4c2e-94b1-2b38409490ad");
insert into userorganization values ("553aa7d2-df0f-46e8-b9eb-e7424058d276","01f83a04-03c1-4fb9-8648-b15c49de3286","e9b8745b-40ee-428d-aaef-51e2600e88c2");
insert into userorganization values ("281f7918-4db9-4f35-bad7-eec853a23e79","c661820d-0550-48b4-8555-02d04ed77597","607464d0-7392-45a3-8bec-a1e0f8004c33");
insert into userorganization values ("1be1df70-1c36-4644-bb20-e8e10558fa03","01f83a04-03c1-4fb9-8648-b15c49de3286","26179331-d67f-4217-a40b-0ab05d0410a3");
insert into userorganization values ("259ece45-2457-4ca6-9759-02e0525aa66b","c661820d-0550-48b4-8555-02d04ed77597","cd2fe38c-061b-4d97-94a2-9c07a607f968");
insert into userorganization values ("b4bed270-f8a6-4325-8be3-77d1438f2585","c661820d-0550-48b4-8555-02d04ed77597","14a761e0-fc98-4ec8-8023-cc67892212dc");
insert into userorganization values ("89465f59-6218-4387-9ac9-edeb5f387b46","01f83a04-03c1-4fb9-8648-b15c49de3286","6ad99ecc-bcad-4d05-bb13-dc4ac6be03cd");
insert into userorganization values ("92eb5464-7fc9-4444-9c65-1dca45eca84a","01f83a04-03c1-4fb9-8648-b15c49de3286","fea8f914-80a0-4901-8a1d-bf0ae799fce3");
insert into userorganization values ("6005e7f8-291f-4f2a-a572-00f708577ca4","01f83a04-03c1-4fb9-8648-b15c49de3286","dae0c584-9a2f-41ef-8994-e4231a682a74");
insert into userorganization values ("008e2b84-5d8b-464a-ac56-470888e341fc","01f83a04-03c1-4fb9-8648-b15c49de3286","378e214e-f288-4405-83f6-649507e5add8");
insert into userorganization values ("167ed227-1769-4d13-bb2e-5459d770f90e","01f83a04-03c1-4fb9-8648-b15c49de3286","f4b43985-48ed-4b73-b686-3c94cea24a82");
insert into userorganization values ("28e8d69b-3998-4e91-9c4c-671a965eff8c","01f83a04-03c1-4fb9-8648-b15c49de3286","79eef3ee-6432-470e-b94f-91f7105f37e8");
insert into userorganization values ("ee451ccb-5ae9-4f2e-8413-d3ebce9adb73","01f83a04-03c1-4fb9-8648-b15c49de3286","898da32c-9a6c-4c70-a1cd-30b8bf7dd885");
insert into userorganization values ("9157af35-6f5e-4f93-a730-848ab4c7fa2c","c661820d-0550-48b4-8555-02d04ed77597","8120479c-8c1b-4e15-8943-cd3682204e49");
insert into userorganization values ("dc3d6501-af71-4d17-93bb-dc7dd274eb8a","01f83a04-03c1-4fb9-8648-b15c49de3286","19930042-04aa-4496-938f-99a4e3c18766");
insert into userorganization values ("d01bda38-099d-4bd6-9959-7bb0a5d6bf75","c661820d-0550-48b4-8555-02d04ed77597","14772047-c5f5-4993-9b45-55f9242fb37d");
insert into userorganization values ("ee929518-91e9-42fe-9642-a83278012301","01f83a04-03c1-4fb9-8648-b15c49de3286","cc8cda79-eb50-4ac5-917e-da4252068dae");
insert into userorganization values ("9dd67018-6305-4cfd-ac25-f6b74311f148","c661820d-0550-48b4-8555-02d04ed77597","614693d0-9395-4c5c-a5a1-9fb687c01bd3");
insert into userorganization values ("9afb1ab4-735f-44b3-805b-d73519e92911","c661820d-0550-48b4-8555-02d04ed77597","98bb6b5c-8f58-446e-ba59-f1c3f50efbce");
insert into userorganization values ("d23fed86-9769-4a2c-9b12-682e105dd3fc","c661820d-0550-48b4-8555-02d04ed77597","6de32dd3-1ce6-47a9-9340-c78fc1b19cdd");
insert into userorganization values ("a95c9fa1-62af-45a7-8524-40ec8d36f25f","c661820d-0550-48b4-8555-02d04ed77597","8857bffa-7935-4751-81df-9795068e1ad7");
insert into userorganization values ("0c2ad028-cd6e-4f3a-8c2e-31fb3f8d00f5","01f83a04-03c1-4fb9-8648-b15c49de3286","98edbbe8-26ef-464f-b959-76f83c948fd3");
insert into userorganization values ("cac7beb1-c13b-479c-8d57-071f7bc1fa3d","01f83a04-03c1-4fb9-8648-b15c49de3286","51fe81a4-7864-47b2-b9bc-057359c95612");
insert into userorganization values ("80a0985b-454c-4e7f-bebc-e585130cd53d","01f83a04-03c1-4fb9-8648-b15c49de3286","8baf07d7-f1c2-49f8-8c7c-f741373d00fd");
insert into userorganization values ("b22b536c-84e2-42cb-bc4b-463fcd14279d","c661820d-0550-48b4-8555-02d04ed77597","e6a2ac35-0503-4058-abcf-94f63cdf5105");
insert into userorganization values ("2809842b-d635-4a2f-ab55-0e8c970a5367","c661820d-0550-48b4-8555-02d04ed77597","11c7c4d9-42f2-4241-beee-05d91840fe15");
insert into userorganization values ("5f2be14b-7989-4188-9e52-190647386ec8","01f83a04-03c1-4fb9-8648-b15c49de3286","a9c54b8d-dd70-42ce-b929-38f1fb338607");
insert into userorganization values ("8d8836c8-c40e-42ba-8251-79867a9fac39","c661820d-0550-48b4-8555-02d04ed77597","c873d614-a780-49b4-baef-a48df5fcaef1");
insert into userorganization values ("96fcc86c-d944-4710-a4b2-7465b2d2977a","01f83a04-03c1-4fb9-8648-b15c49de3286","d4fc1e98-f1f1-4af0-a0e5-76460defcc3c");
insert into userorganization values ("39553094-d46d-4eb4-9cee-54b441248e4b","c661820d-0550-48b4-8555-02d04ed77597","f926d001-78b0-4aa0-9fdc-e9125efc3d17");
